{
  "type": "minecraft:crafting_shaped",
  "category": "misc",
  "pattern": [
    "012",
    "345",
    "678"
  ],
  "key": {
    "0": {
      "item": "loli_pickaxe:loli_coal_addon_1"
    },
    "1": {
      "item": "loli_pickaxe:loli_iron_addon_1"
    },
    "2": {
      "item": "loli_pickaxe:first_level_biological_soul"
    },
    "3": {
      "item": "loli_pickaxe:loli_glow_addon_1"
    },
    "4": {
      "item": "loli_pickaxe:ordinary_loli_pickaxe"
    },
    "5": {
      "item": "loli_pickaxe:loli_redston_addon"
    },
    "6": {
      "item": "loli_pickaxe:loli_lapin_addon_1"
    },
    "7": {
      "item": "loli_pickaxe:loli_diamond_addon_1"
    },
    "8": {
      "item": "loli_pickaxe:loli_emerald_addon_2"
    }
  },
  "result": {
    "item": "loli_pickaxe:small_loli_pickaxe",
    "count": 1
  }
}